ID,chromosome,new_start,new_end,Z
Fos_Sen_sgRNA622,chr2,114576175,114576375,4.6611636442373365
Fos_Sen_sgRNA156,chr1,168440486,168440686,4.361835790076739
Fos_Sen_sgRNA312,chr11,35164308,35164508,4.170125154494145
Fos_Sen_sgRNA71,chr16,86421173,86421373,3.7841494400920617
Fos_Sen_sgRNA69,chr16,86421172,86421372,3.497264253027914
Fos_Sen_sgRNA736,chr12,76054101,76054301,3.477184743597817
Fos_Sen_sgRNA260,chr9,116364439,116364639,3.3577521483044563
Fos_Sen_sgRNA591,chr15,68644820,68645020,3.245381506454731
Fos_Sen_sgRNA186,chr8,130710596,130710796,3.1219490541953756
Fos_Sen_sgRNA551,chr10,82269505,82269705,3.1121438755633233
Fos_Sen_sgRNA418,chr9,22214737,22214937,3.035198219871025
Fos_Sen_sgRNA398,chr21,47401367,47401567,2.8569110898921486
Fos_Sen_sgRNA404,chr4,84457267,84457467,2.852474468651993
Fos_Sen_sgRNA68,chr16,86421176,86421376,2.697269780645653
Fos_Sen_sgRNA769,chrX,24263400,24263600,2.639100768669816
Fos_Sen_sgRNA813,chr10,93100745,93100945,2.574897786013394
Fos_Sen_sgRNA793,chr12,89619701,89619901,2.5675149842874245
Fos_Sen_sgRNA112,chr16,86409033,86409233,2.546070537690695
Fos_Sen_sgRNA407,chr6,130687361,130687561,2.5353439944450016
Fos_Sen_sgRNA574,chr4,75240410,75240610,2.3942144583859997
Fos_Sen_sgRNA120,chr3,55236466,55236666,2.3701350213602304
Fos_Sen_sgRNA263,chr21,47499346,47499546,2.2776685625081905
Fos_Sen_sgRNA791,chr12,89619696,89619896,2.2074434602830095
Fos_Sen_sgRNA804,chr9,118435986,118436186,2.187020878574892
Fos_Sen_sgRNA129,chr1,181082199,181082399,2.1867021245946403
Fos_Sen_sgRNA734,chr11,102138401,102138601,2.178090849067441
Fos_Sen_sgRNA800,chr5,148292746,148292946,2.132409281505756
Fos_Sen_sgRNA189,chr18,43382848,43383048,2.099733485457111
Fos_Sen_sgRNA32,chr8,8153925,8154125,2.0995265117048527
Fos_Sen_sgRNA220,chr11,72897002,72897202,2.0367669071329058
Fos_Sen_sgRNA489,chr14,71371456,71371656,2.0341808176216767
Fos_Sen_sgRNA193,chr1,224730556,224730756,2.0153114671764834
Fos_Sen_sgRNA535,chr3,149088958,149089158,2.0132065288417964
Fos_Sen_sgRNA624,chr8,52308869,52309069,2.0114276932532444
Fos_Sen_sgRNA300,chr7,129598592,129598792,1.9938565545965847
Fos_Sen_sgRNA94,chr5,10705131,10705331,1.9556049773504056
Fos_Sen_sgRNA555,chr7,129996043,129996243,1.9014775088450722
Fos_Sen_sgRNA52,chr8,24076336,24076536,1.8676665420147602
Fos_Sen_sgRNA470,chr4,24771917,24772117,1.8638911415406905
Fos_Sen_sgRNA273,chr1,33807909,33808109,1.8439233025424935
Fos_Sen_sgRNA526,chr3,124577910,124578110,1.8140780972384731
Fos_Sen_sgRNA157,chr1,168440487,168440687,1.7842764729141414
Fos_Sen_sgRNA603,chr3,111793983,111794183,1.7703081948277253
Fos_Sen_sgRNA487,chr14,71371454,71371654,1.7591062220867255
Fos_Sen_sgRNA509,chr11,44590779,44590979,1.7155850462647235
Fos_Sen_sgRNA170,chr13,30699929,30700129,1.7067237399051056
Fos_Sen_sgRNA292,chr5,151071404,151071604,1.692027170016707
Fos_Sen_sgRNA254,chr3,45208636,45208836,1.6812335531564073
Fos_Sen_sgRNA745,chr13,30568321,30568521,1.6252621096997582
Fos_Sen_sgRNA716,chr2,238214882,238215082,1.6088813998008382
Fos_Sen_sgRNA728,chr3,156502086,156502286,1.6076830262551618
Fos_Sen_sgRNA146,chr18,71612264,71612464,1.5805869094967966
Fos_Sen_sgRNA53,chrX,34576059,34576259,1.578327904964554
Fos_Sen_sgRNA215,chr6,136915392,136915592,1.5771783702584574
Fos_Sen_sgRNA495,chrX,43829555,43829755,1.5759963493576692
Fos_Sen_sgRNA826,chr12,76219378,76219578,1.5722377582282248
Fos_Sen_sgRNA102,chr6,130922137,130922337,1.5583807155195983
Fos_Sen_sgRNA247,chr2,238173621,238173821,1.5575366453633253
Fos_Sen_sgRNA697,chr1,77977239,77977439,1.5295981428559802
Fos_Sen_sgRNA681,chrX,7956180,7956380,1.5263495713373534
Fos_Sen_sgRNA49,chr2,47497004,47497204,1.5223473678087298
Fos_Sen_sgRNA383,chr9,93881942,93882142,1.5199923933026083
Fos_Sen_sgRNA423,chr14,23288800,23289000,1.4818461397352445
Fos_Sen_sgRNA1,chr2,12997165,12997365,1.449716175654668
Fos_Sen_sgRNA178,chr1,224732185,224732385,1.446976054394335
Fos_Sen_sgRNA510,chr11,44590778,44590978,1.4348289645464642
Fos_Sen_sgRNA200,chr7,89452,89652,1.429927803257515
Fos_Sen_sgRNA238,chr9,75093163,75093363,1.4143230004735445
Fos_Sen_sgRNA465,chr7,30790950,30791150,1.3824428619832552
Fos_Sen_sgRNA228,chr4,86708355,86708555,1.3524545902087055
Fos_Sen_sgRNA258,chr4,178385405,178385605,1.3252662716433363
Fos_Sen_sgRNA188,chr18,43382849,43383049,1.316669836734858
Fos_Sen_sgRNA425,chr9,130341324,130341524,1.2973458952989219
Fos_Sen_sgRNA682,chrX,7956178,7956378,1.2914557443230705
Fos_Sen_sgRNA518,chr5,148382699,148382899,1.2830888716950917
Fos_Sen_sgRNA434,chr6,130687360,130687560,1.2576960832093085
Fos_Sen_sgRNA65,chr1,185343075,185343275,1.2559207244176822
Fos_Sen_sgRNA608,chr13,24723006,24723206,1.2496334291073312
Fos_Sen_sgRNA388,chrX,19689000,19689200,1.2149944925429705
Fos_Sen_sgRNA498,chr15,38361319,38361519,1.2130439754372464
Fos_Sen_sgRNA674,chr3,98681490,98681690,1.1993642759513128
Fos_Sen_sgRNA796,chr7,41961061,41961261,1.1823354323659185
Fos_Sen_sgRNA347,chr6,136907620,136907820,1.1728322299614011
Fos_Sen_sgRNA22,chr20,38478495,38478695,1.1673457369694002
Fos_Sen_sgRNA559,chr1,220992252,220992452,1.1534505215631956
Fos_Sen_sgRNA471,chr3,54999898,55000098,1.1526481795331431
Fos_Sen_sgRNA118,chrX,8726091,8726291,1.1484979903585593
Fos_Sen_sgRNA725,chr7,17572824,17573024,1.1233552067169
Fos_Sen_sgRNA742,chr10,99302004,99302204,1.0974813138906416
Fos_Sen_sgRNA625,chr5,134770257,134770457,1.0614009526992658
Fos_Sen_sgRNA758,chr2,181520266,181520466,1.058677727032142
Fos_Sen_sgRNA521,chr11,76411668,76411868,1.0517646905382454
Fos_Sen_sgRNA12,chr6,45623632,45623832,1.0483245364948848
Fos_Sen_sgRNA572,chr17,55558279,55558479,1.0439273697030456
Fos_Sen_sgRNA710,chr1,99907325,99907525,1.0426802603722054
Fos_Sen_sgRNA440,chr4,84457270,84457470,1.0400735332753885
Fos_Sen_sgRNA820,chr2,212917332,212917532,1.0371624768005436
Fos_Sen_sgRNA73,chr2,38006754,38006954,1.0326517442054428
Fos_Sen_sgRNA168,chr18,43344374,43344574,1.0117861730192828
Fos_Sen_sgRNA344,chr9,133322437,133322637,1.0025260201467177
Fos_Sen_sgRNA393,chr9,130341340,130341540,1.000506271331081
Fos_Sen_sgRNA378,chr15,85874253,85874453,0.9994178030039985
Fos_Sen_sgRNA83,chr2,38003722,38003922,0.9810842378815864
Fos_Sen_sgRNA139,chr20,1396675,1396875,0.9724595863223492
Fos_Sen_sgRNA623,chr2,114576177,114576377,0.9661743086614429
Fos_Sen_sgRNA101,chr2,113637652,113637852,0.9627731635026238
Fos_Sen_sgRNA770,chrX,24263384,24263584,0.9573448177591947
Fos_Sen_sgRNA380,chr5,35136561,35136761,0.9485155005672131
Fos_Sen_sgRNA131,chr1,181082200,181082400,0.9131727687147064
Fos_Sen_sgRNA70,chr16,86421177,86421377,0.9123563760462577
Fos_Sen_sgRNA777,chr9,15999770,15999970,0.8948072971231812
Fos_Sen_sgRNA86,chr15,33571090,33571290,0.8940655982175674
Fos_Sen_sgRNA327,chr11,124770499,124770699,0.8740926130886293
Fos_Sen_sgRNA341,chr9,133322428,133322628,0.8688720841063738
Fos_Sen_sgRNA772,chr11,15738245,15738445,0.8540311608089179
Fos_Sen_sgRNA350,chr10,79165536,79165736,0.8533109847586083
Fos_Sen_sgRNA587,chr12,115358809,115359009,0.8483051970194935
Fos_Sen_sgRNA618,chr14,69245611,69245811,0.8463720721821661
Fos_Sen_sgRNA325,chr11,124770504,124770704,0.84591326050986
Fos_Sen_sgRNA81,chr8,29522709,29522909,0.8427802010101216
Fos_Sen_sgRNA31,chr8,8153671,8153871,0.8202043915037345
Fos_Sen_sgRNA39,chr20,42472131,42472331,0.8157375713724357
Fos_Sen_sgRNA282,chr2,161062190,161062390,0.8152183955594765
Fos_Sen_sgRNA571,chr3,125670187,125670387,0.8027392359545581
Fos_Sen_sgRNA62,chr17,13250921,13251121,0.7979710959888722
Fos_Sen_sgRNA556,chr20,19797839,19798039,0.7919357550398085
Fos_Sen_sgRNA773,chr11,15738244,15738444,0.7907227292300217
Fos_Sen_sgRNA422,chr5,35129433,35129633,0.7901293594038369
Fos_Sen_sgRNA161,chr10,112083306,112083506,0.7849388849853984
Fos_Sen_sgRNA488,chr14,71371455,71371655,0.7795971170246349
Fos_Sen_sgRNA329,chr14,69162276,69162476,0.7779082325689683
Fos_Sen_sgRNA370,chr2,182819813,182820013,0.7775351982089026
Fos_Sen_sgRNA198,chr2,69076884,69077084,0.7761896915315533
Fos_Sen_sgRNA317,chr21,41005884,41006084,0.7710896761178199
Fos_Sen_sgRNA497,chr18,21404783,21404983,0.7704754293219991
Fos_Sen_sgRNA19,chr2,229686774,229686974,0.7656443175490393
Fos_Sen_sgRNA275,chr3,156846190,156846390,0.7635898306899687
Fos_Sen_sgRNA196,chr8,104196907,104197107,0.7628787932206799
Fos_Sen_sgRNA16,chr3,24276764,24276964,0.7628478217266389
Fos_Sen_sgRNA553,chr7,129996988,129997188,0.7623886775269099
Fos_Sen_sgRNA78,chr8,29522710,29522910,0.7621598823941541
Fos_Sen_sgRNA251,chr10,49820671,49820871,0.7547320904679701
Fos_Sen_sgRNA328,chr11,124770497,124770697,0.7438439920210232
Fos_Sen_sgRNA673,chr3,98681414,98681614,0.7413733475073251
Fos_Sen_sgRNA377,chr5,131725477,131725677,0.740200367049837
Fos_Sen_sgRNA207,chr5,14809852,14810052,0.7235030701054781
Fos_Sen_sgRNA780,chr2,127270706,127270906,0.7224940884284938
Fos_Sen_sgRNA746,chr13,30568328,30568528,0.7211526746962823
Fos_Sen_sgRNA93,chr6,44009542,44009742,0.7176410727070823
Fos_Sen_sgRNA414,chr19,45505233,45505433,0.7118810957554275
Fos_Sen_sgRNA792,chr12,89619702,89619902,0.7065458570381697
Fos_Sen_sgRNA450,chr15,45740366,45740566,0.7052199410994197
Fos_Sen_sgRNA358,chr5,95159638,95159838,0.6909587190384715
Fos_Sen_sgRNA11,chr4,164615085,164615285,0.6708045567786243
Fos_Sen_sgRNA628,chr12,76338347,76338547,0.6693672219984663
Fos_Sen_sgRNA185,chr6,137554968,137555168,0.6674204720472776
Fos_Sen_sgRNA250,chr2,238173525,238173725,0.6660208694975572
Fos_Sen_sgRNA183,chr6,137554963,137555163,0.659248524620643
Fos_Sen_sgRNA87,chr6,44009379,44009579,0.6569800458413573
Fos_Sen_sgRNA749,chr3,139031791,139031991,0.6561142035958076
Fos_Sen_sgRNA596,chr10,75659190,75659390,0.6478848049941829
Fos_Sen_sgRNA160,chr10,112083448,112083648,0.6470594186629288
Fos_Sen_sgRNA578,chr4,75240368,75240568,0.6458664134484773
Fos_Sen_sgRNA98,chr2,12904559,12904759,0.6455652512339901
Fos_Sen_sgRNA343,chr9,133322425,133322625,0.639821182425383
Fos_Sen_sgRNA612,chr1,113278509,113278709,0.6393229954060813
Fos_Sen_sgRNA472,chr1,207880768,207880968,0.6317930484730433
Fos_Sen_sgRNA737,chr10,99302945,99303145,0.6307421669155909
Fos_Sen_sgRNA630,chr12,115354043,115354243,0.6271525205374429
Fos_Sen_sgRNA147,chr10,112086569,112086769,0.622485390493604
Fos_Sen_sgRNA210,chr20,30283966,30284166,0.6224309388752154
Fos_Sen_sgRNA830,chr3,16101908,16102108,0.6152178246787735
Fos_Sen_sgRNA554,chr7,129996039,129996239,0.6148052235316834
Fos_Sen_sgRNA34,chr8,8153909,8154109,0.6092461870738386
Fos_Sen_sgRNA784,chr2,135166094,135166294,0.6022157325347925
Fos_Sen_sgRNA38,chr20,42472308,42472508,0.6019047002554984
Fos_Sen_sgRNA237,chr3,10215073,10215273,0.5961481087191708
Fos_Sen_sgRNA411,chr14,75083285,75083485,0.5943431755870778
Fos_Sen_sgRNA41,chr19,31705079,31705279,0.5915041153473228
Fos_Sen_sgRNA573,chr8,81962904,81963104,0.5882267919302935
Fos_Sen_sgRNA409,chr6,130687359,130687559,0.5811926202518128
Fos_Sen_sgRNA706,chr17,66374161,66374361,0.5738178604894429
Fos_Sen_sgRNA504,chr11,8829141,8829341,0.5735882705140513
Fos_Sen_sgRNA629,chr12,76338351,76338551,0.5661377471083088
Fos_Sen_sgRNA809,chr9,118435020,118435220,0.5592530201843933
Fos_Sen_sgRNA703,chr17,66374172,66374372,0.556165730718899
Fos_Sen_sgRNA546,chr5,150455310,150455510,0.5558309964127133
Fos_Sen_sgRNA154,chr14,73082353,73082553,0.5474747254923632
Fos_Sen_sgRNA203,chrX,46630296,46630496,0.5449509455991973
Fos_Sen_sgRNA757,chr2,181520258,181520458,0.5381998932985556
Fos_Sen_sgRNA590,chr8,23654485,23654685,0.5322103097945127
Fos_Sen_sgRNA206,chr5,14809819,14810019,0.5311978818716558
Fos_Sen_sgRNA653,chr13,108103215,108103415,0.5249680884206159
Fos_Sen_sgRNA261,chr20,19811469,19811669,0.5248827110035686
Fos_Sen_sgRNA223,chr11,72896997,72897197,0.5236311470792511
Fos_Sen_sgRNA276,chr3,156846189,156846389,0.5111274326690812
Fos_Sen_sgRNA602,chr1,111188684,111188884,0.49713834137823354
Fos_Sen_sgRNA424,chr9,130341342,130341542,0.4919558303125745
Fos_Sen_sgRNA774,chr16,86426456,86426656,0.49142112989579634
Fos_Sen_sgRNA153,chr14,73082354,73082554,0.488960795278812
Fos_Sen_sgRNA283,chr2,161062069,161062269,0.4875325201661579
Fos_Sen_sgRNA348,chr7,130929141,130929341,0.4803217890392011
Fos_Sen_sgRNA660,chr7,17702353,17702553,0.47634017566642456
Fos_Sen_sgRNA801,chr11,35099244,35099444,0.47417273449754005
Fos_Sen_sgRNA326,chr11,124770498,124770698,0.4654716666576453
Fos_Sen_sgRNA831,chr9,119742152,119742352,0.4651202704079956
Fos_Sen_sgRNA47,chr8,105758979,105759179,0.46427856115772387
Fos_Sen_sgRNA469,chr3,111313125,111313325,0.4550941292514553
Fos_Sen_sgRNA805,chr9,118435985,118436185,0.45062330357715114
Fos_Sen_sgRNA692,chr3,54915574,54915774,0.4464813703251074
Fos_Sen_sgRNA117,chrX,8726092,8726292,0.4421885857673183
Fos_Sen_sgRNA766,chr6,106040216,106040416,0.43041968505220063
Fos_Sen_sgRNA659,chr7,17702347,17702547,0.42537324590658465
Fos_Sen_sgRNA586,chr12,115358813,115359013,0.41999269089893965
Fos_Sen_sgRNA96,chr1,59193146,59193346,0.4181644273258364
Fos_Sen_sgRNA533,chr4,54948369,54948569,0.4165377695296177
Fos_Sen_sgRNA613,chr3,111564970,111565170,0.4139120449153901
Fos_Sen_sgRNA531,chr1,183203728,183203928,0.41087553613631017
Fos_Sen_sgRNA677,chr6,136931455,136931655,0.40828123037524827
Fos_Sen_sgRNA689,chr10,93373485,93373685,0.4080227232140829
Fos_Sen_sgRNA296,chr21,45613078,45613278,0.4056809612976666
Fos_Sen_sgRNA136,chr20,1396726,1396926,0.39368062738576004
Fos_Sen_sgRNA577,chr4,75240367,75240567,0.3907823395332108
Fos_Sen_sgRNA627,chr12,76338342,76338542,0.3898239934704852
Fos_Sen_sgRNA617,chr9,3863119,3863319,0.38934303664342734
Fos_Sen_sgRNA50,chr18,57727937,57728137,0.3857232840191018
Fos_Sen_sgRNA21,chr10,30092634,30092834,0.37739432386892185
Fos_Sen_sgRNA371,chr1,99931175,99931375,0.3762164325894593
Fos_Sen_sgRNA313,chr2,201630417,201630617,0.37176875188709546
Fos_Sen_sgRNA722,chr19,31632648,31632848,0.36490526701976134
Fos_Sen_sgRNA218,chr5,141742404,141742604,0.3636149743176796
Fos_Sen_sgRNA824,chr12,76219377,76219577,0.3597775019527056
Fos_Sen_sgRNA428,chr19,45505228,45505428,0.3555616054176838
Fos_Sen_sgRNA355,chr2,108939904,108940104,0.3493074589580985
Fos_Sen_sgRNA4,chr3,158887674,158887874,0.3455666575553889
Fos_Sen_sgRNA74,chr6,83108101,83108301,0.3454584056163956
Fos_Sen_sgRNA811,chr10,93100746,93100946,0.32838224022975687
Fos_Sen_sgRNA399,chr3,185999101,185999301,0.3247392197430125
Fos_Sen_sgRNA439,chrX,19689005,19689205,0.3191829396211592
Fos_Sen_sgRNA3,chr12,89532044,89532244,0.3166914579568708
Fos_Sen_sgRNA88,chr6,44009378,44009578,0.31229012324764677
Fos_Sen_sgRNA437,chr5,131723359,131723559,0.3097198023896791
Fos_Sen_sgRNA760,chr11,86344034,86344234,0.30964826218087516
Fos_Sen_sgRNA33,chr8,8153920,8154120,0.30599215032923105
Fos_Sen_sgRNA195,chr8,104196910,104197110,0.2945124395849651
Fos_Sen_sgRNA331,chr14,69162280,69162480,0.2935014500258906
Fos_Sen_sgRNA695,chr12,127610664,127610864,0.2933988833646021
Fos_Sen_sgRNA151,chr12,47898960,47899160,0.2873589659235093
Fos_Sen_sgRNA14,chr9,16121679,16121879,0.2837900333311813
Fos_Sen_sgRNA600,chr14,73132054,73132254,0.2798030873896427
Fos_Sen_sgRNA417,chr6,130687366,130687566,0.27924743876227537
Fos_Sen_sgRNA211,chr13,30607808,30608008,0.2791690383712547
Fos_Sen_sgRNA636,chr8,29370839,29371039,0.27136021685159806
Fos_Sen_sgRNA771,chr8,76657269,76657469,0.2697381557167442
Fos_Sen_sgRNA390,chr1,30182255,30182455,0.265788548654329
Fos_Sen_sgRNA297,chr6,74783179,74783379,0.2645073413364228
Fos_Sen_sgRNA55,chr1,68788836,68789036,0.2640438671352592
Fos_Sen_sgRNA76,chr4,26198983,26199183,0.26368192108801936
Fos_Sen_sgRNA643,chr11,86399414,86399614,0.2593934451099345
Fos_Sen_sgRNA175,chr5,173960720,173960920,0.25566857604161
Fos_Sen_sgRNA27,chr2,182655982,182656182,0.2552554877908477
Fos_Sen_sgRNA92,chr6,44009371,44009571,0.2539964323563926
Fos_Sen_sgRNA454,chr11,10476512,10476712,0.2523247800097228
Fos_Sen_sgRNA762,chr3,131854953,131855153,0.24384871691788415
Fos_Sen_sgRNA426,chr9,22214744,22214944,0.24202998407552476
Fos_Sen_sgRNA696,chr20,39632347,39632547,0.23478680599012228
Fos_Sen_sgRNA502,chr15,85855671,85855871,0.23231424276559204
Fos_Sen_sgRNA224,chr3,45085294,45085494,0.21439451097699855
Fos_Sen_sgRNA266,chr10,4726674,4726874,0.20745076139394708
Fos_Sen_sgRNA35,chr15,71532168,71532368,0.20713167259165188
Fos_Sen_sgRNA694,chr12,127610663,127610863,0.2045579613415671
Fos_Sen_sgRNA575,chr4,75240380,75240580,0.19860948352084376
Fos_Sen_sgRNA684,chrX,7956179,7956379,0.19829336012469015
Fos_Sen_sgRNA6,chr3,43911671,43911871,0.19579693127333014
Fos_Sen_sgRNA501,chr1,159818814,159819014,0.18358974055113547
Fos_Sen_sgRNA18,chr2,229686771,229686971,0.18245650342642
Fos_Sen_sgRNA229,chr4,86708372,86708572,0.18044284022048912
Fos_Sen_sgRNA376,chr5,131725585,131725785,0.17854447927656508
Fos_Sen_sgRNA179,chr7,102512887,102513087,0.17743000453141536
Fos_Sen_sgRNA727,chr18,71356276,71356476,0.17653276542622554
Fos_Sen_sgRNA810,chr10,93100744,93100944,0.1751795221815522
Fos_Sen_sgRNA305,chr5,134791970,134792170,0.17491256961357737
Fos_Sen_sgRNA213,chr6,136915393,136915593,0.17127857664003945
Fos_Sen_sgRNA124,chr1,181081659,181081859,0.17074167262284165
Fos_Sen_sgRNA335,chr9,22216937,22217137,0.16586195884381078
Fos_Sen_sgRNA37,chr20,42472307,42472507,0.15975160972792643
Fos_Sen_sgRNA490,chr14,71371647,71371847,0.15971775060734358
Fos_Sen_sgRNA222,chr11,72896996,72897196,0.15815414365798147
Fos_Sen_sgRNA726,chr7,17572874,17573074,0.1554448557106525
Fos_Sen_sgRNA356,chr2,108939905,108940105,0.1524379051090564
Fos_Sen_sgRNA680,chrX,7956181,7956381,0.14954086432167912
Fos_Sen_sgRNA675,chr3,98681413,98681613,0.14646564320286876
Fos_Sen_sgRNA7,chr3,43908286,43908486,0.13779969292319927
Fos_Sen_sgRNA481,chr20,19865471,19865671,0.1372332964889954
Fos_Sen_sgRNA567,chr3,45260576,45260776,0.13561995534871407
Fos_Sen_sgRNA776,chr9,15999761,15999961,0.13236464052585448
Fos_Sen_sgRNA249,chr2,238173526,238173726,0.12881756778964135
Fos_Sen_sgRNA475,chr2,65657606,65657806,0.12729563174784508
Fos_Sen_sgRNA389,chrX,19688997,19689197,0.11403818053045735
Fos_Sen_sgRNA205,chr5,14809816,14810016,0.11203857117706982
Fos_Sen_sgRNA649,chr3,55194593,55194793,0.1081782348906778
Fos_Sen_sgRNA764,chr6,106040330,106040530,0.10677835368891322
Fos_Sen_sgRNA248,chr2,238173529,238173729,0.10564574461985103
Fos_Sen_sgRNA89,chr6,44009377,44009577,0.10053564722543969
Fos_Sen_sgRNA657,chr13,30484512,30484712,0.09428702769060218
Fos_Sen_sgRNA420,chrX,99899628,99899828,0.09327542768219761
Fos_Sen_sgRNA759,chr11,86343880,86344080,0.09271442753089756
Fos_Sen_sgRNA56,chr1,68788845,68789045,0.0911677422229742
Fos_Sen_sgRNA435,chr19,45505108,45505308,0.09052075228229522
Fos_Sen_sgRNA644,chr10,75654384,75654584,0.08637387498617409
Fos_Sen_sgRNA171,chr2,106071590,106071790,0.08269904872276582
Fos_Sen_sgRNA544,chr5,150455298,150455498,0.08000031963870424
Fos_Sen_sgRNA145,chr18,71612369,71612569,0.07992011049242126
Fos_Sen_sgRNA452,chr15,45740365,45740565,0.07761295879912529
Fos_Sen_sgRNA637,chrX,9117178,9117378,0.07638079480856604
Fos_Sen_sgRNA832,chr9,119742151,119742351,0.076371044302117
Fos_Sen_sgRNA634,chrX,24352738,24352938,0.07100351822498582
Fos_Sen_sgRNA540,chr2,108978942,108979142,0.07087292008260375
Fos_Sen_sgRNA580,chr12,127760199,127760399,0.06703501365989602
Fos_Sen_sgRNA272,chr9,75142383,75142583,0.06382777015514011
Fos_Sen_sgRNA515,chr7,30839290,30839490,0.06275329446302674
Fos_Sen_sgRNA274,chr1,33807908,33808108,0.06244897639005197
Fos_Sen_sgRNA334,chr9,22216946,22217146,0.06166040000936242
Fos_Sen_sgRNA807,chr2,177310830,177311030,0.060835106237747086
Fos_Sen_sgRNA182,chr6,137554959,137555159,0.05923039159213513
Fos_Sen_sgRNA143,chr21,39551703,39551903,0.05155255656734693
Fos_Sen_sgRNA342,chr9,133322429,133322629,0.046004956481866026
Fos_Sen_sgRNA122,chr20,52516260,52516460,0.04484899286865015
Fos_Sen_sgRNA568,chr3,55034677,55034877,0.043069365580085145
Fos_Sen_sgRNA668,chr12,63096445,63096645,0.03847450800913591
Fos_Sen_sgRNA588,chr12,115358810,115359010,0.035285760514718024
Fos_Sen_sgRNA322,chr5,172899331,172899531,0.03417692591012909
Fos_Sen_sgRNA812,chr10,93100739,93100939,0.028103026979296574
Fos_Sen_sgRNA159,chr20,24317830,24318030,0.025271972307257744
Fos_Sen_sgRNA91,chr6,44009380,44009580,0.025198508312112573
Fos_Sen_sgRNA286,chr3,45207030,45207230,0.024231046607836787
Fos_Sen_sgRNA579,chr1,159859812,159860012,0.01826123525829542
Fos_Sen_sgRNA739,chr10,99302978,99303178,0.015954149898535195
Fos_Sen_sgRNA825,chr12,76219379,76219579,0.012637457220485662
Fos_Sen_sgRNA536,chr2,108978941,108979141,0.011880208029997735
Fos_Sen_sgRNA464,chr7,30790929,30791129,0.009679317022522184
Fos_Sen_sgRNA438,chr21,47401366,47401566,0.008048003193792652
Fos_Sen_sgRNA357,chr4,5755548,5755748,0.0006672462407690785
Fos_Sen_sgRNA43,chr8,53703593,53703793,0.00024869171597102107
Fos_Sen_sgRNA10,chr2,226941020,226941220,-0.000563463499751662
Fos_Sen_sgRNA785,chr2,135166092,135166292,-0.0013981402991618242
Fos_Sen_sgRNA318,chr21,41005821,41006021,-0.010067445342585343
Fos_Sen_sgRNA478,chr2,65657611,65657811,-0.012033389282805894
Fos_Sen_sgRNA406,chr6,130687358,130687558,-0.012823809100302725
Fos_Sen_sgRNA419,chr20,49262157,49262357,-0.014836451087691667
Fos_Sen_sgRNA280,chr3,156846089,156846289,-0.01571927711314191
Fos_Sen_sgRNA288,chr6,148766628,148766828,-0.018297900566675143
Fos_Sen_sgRNA712,chr1,99907330,99907530,-0.018728116432396573
Fos_Sen_sgRNA493,chr15,45748881,45749081,-0.01902367214145621
Fos_Sen_sgRNA75,chr4,26198995,26199195,-0.02990539853577801
Fos_Sen_sgRNA527,chr3,124577905,124578105,-0.032979271935146715
Fos_Sen_sgRNA194,chr8,104196894,104197094,-0.038534713326112476
Fos_Sen_sgRNA782,chr1,198747532,198747732,-0.04074501133490298
Fos_Sen_sgRNA507,chr3,98696547,98696747,-0.04463288285072935
Fos_Sen_sgRNA583,chr16,69433338,69433538,-0.04884799573216745
Fos_Sen_sgRNA797,chr5,148292747,148292947,-0.05162337953678057
Fos_Sen_sgRNA563,chr8,23619172,23619372,-0.0548569225915033
Fos_Sen_sgRNA340,chr9,133322427,133322627,-0.0588643852284412
Fos_Sen_sgRNA57,chr17,13250924,13251124,-0.06386117746210256
Fos_Sen_sgRNA837,chr3,34053573,34053773,-0.06716921903237458
Fos_Sen_sgRNA169,chr18,43344379,43344579,-0.06782411553032093
Fos_Sen_sgRNA252,chr15,68878624,68878824,-0.06820118747648278
Fos_Sen_sgRNA550,chr10,82269506,82269706,-0.07058214036338938
Fos_Sen_sgRNA492,chr1,60196081,60196281,-0.07101376235294828
Fos_Sen_sgRNA835,chr12,89554638,89554838,-0.0716880406785547
Fos_Sen_sgRNA363,chr5,95159635,95159835,-0.07223473443920185
Fos_Sen_sgRNA836,chr3,34053570,34053770,-0.07408919633015207
Fos_Sen_sgRNA20,chr2,229686774,229686974,-0.07523535828572206
Fos_Sen_sgRNA391,chr4,120056898,120057098,-0.07751433923135774
Fos_Sen_sgRNA595,chrX,9121209,9121409,-0.08153828136956227
Fos_Sen_sgRNA374,chr1,92496490,92496690,-0.08348905046789919
Fos_Sen_sgRNA46,chr8,105758995,105759195,-0.08897388504775779
Fos_Sen_sgRNA752,chr2,135183669,135183869,-0.09313906446787958
Fos_Sen_sgRNA167,chr11,10397145,10397345,-0.09423280690293838
Fos_Sen_sgRNA29,chr2,182655980,182656180,-0.09590440850825345
Fos_Sen_sgRNA369,chr2,182819762,182819962,-0.09725571809529807
Fos_Sen_sgRNA301,chr7,129598591,129598791,-0.09993491217634895
Fos_Sen_sgRNA458,chr14,51863326,51863526,-0.10268914160153618
Fos_Sen_sgRNA619,chr14,69245625,69245825,-0.10326643001828471
Fos_Sen_sgRNA664,chr8,82139679,82139879,-0.10658922749608377
Fos_Sen_sgRNA839,chr7,41550882,41551082,-0.10949388008221518
Fos_Sen_sgRNA264,chr21,47499356,47499556,-0.10976611514955993
Fos_Sen_sgRNA719,chr3,189810061,189810261,-0.11193994122509866
Fos_Sen_sgRNA620,chr2,114576178,114576378,-0.11499358612196274
Fos_Sen_sgRNA277,chr3,156846191,156846391,-0.11710706805090682
Fos_Sen_sgRNA817,chr22,33108665,33108865,-0.12130545879776346
Fos_Sen_sgRNA28,chr2,182655981,182656181,-0.12694435991412253
Fos_Sen_sgRNA95,chr2,192066982,192067182,-0.12726185706120766
Fos_Sen_sgRNA415,chr19,45505118,45505318,-0.13683587136639366
Fos_Sen_sgRNA565,chr14,52014056,52014256,-0.13875025267044913
Fos_Sen_sgRNA754,chr2,238205379,238205579,-0.14249832835257623
Fos_Sen_sgRNA130,chr1,181082203,181082403,-0.14726348439623008
Fos_Sen_sgRNA461,chr19,42626007,42626207,-0.151081331144218
Fos_Sen_sgRNA217,chr5,141742398,141742598,-0.15250316932631403
Fos_Sen_sgRNA451,chr15,45740374,45740574,-0.1528859679516708
Fos_Sen_sgRNA401,chr1,30182254,30182454,-0.1545093739751634
Fos_Sen_sgRNA225,chr11,15145472,15145672,-0.15654696203440768
Fos_Sen_sgRNA819,chr2,212917327,212917527,-0.15848090538852738
Fos_Sen_sgRNA581,chr16,69433337,69433537,-0.15979910162992778
Fos_Sen_sgRNA717,chr3,189810054,189810254,-0.16727402152418192
Fos_Sen_sgRNA503,chr15,85855658,85855858,-0.16921013735331172
Fos_Sen_sgRNA201,chr1,41341520,41341720,-0.16960315354851613
Fos_Sen_sgRNA755,chr7,43732495,43732695,-0.17237368575711726
Fos_Sen_sgRNA570,chr3,125670182,125670382,-0.1728081598895688
Fos_Sen_sgRNA761,chr3,131854954,131855154,-0.17609696585310952
Fos_Sen_sgRNA174,chr2,69080385,69080585,-0.18359463194323433
Fos_Sen_sgRNA362,chr5,95159639,95159839,-0.18452915270385728
Fos_Sen_sgRNA351,chr10,79165520,79165720,-0.18577831423468702
Fos_Sen_sgRNA480,chr11,10419197,10419397,-0.18897989013300556
Fos_Sen_sgRNA701,chr17,66374163,66374363,-0.19001705255421164
Fos_Sen_sgRNA119,chr3,55236477,55236677,-0.19086976918310497
Fos_Sen_sgRNA748,chr3,139031795,139031995,-0.19314996097864365
Fos_Sen_sgRNA806,chr9,118435976,118436176,-0.19315350980012502
Fos_Sen_sgRNA216,chr5,141742403,141742603,-0.1935238917374653
Fos_Sen_sgRNA13,chr6,45623656,45623856,-0.19407767421286878
Fos_Sen_sgRNA271,chr9,75142381,75142581,-0.19697874044939576
Fos_Sen_sgRNA8,chr3,43908291,43908491,-0.2003293296678541
Fos_Sen_sgRNA816,chr13,107903745,107903945,-0.20774484387100423
Fos_Sen_sgRNA234,chr10,105668135,105668335,-0.2097694875645533
Fos_Sen_sgRNA610,chr2,67096345,67096545,-0.2108070171847241
Fos_Sen_sgRNA794,chr12,89619690,89619890,-0.21337898371417816
Fos_Sen_sgRNA803,chr11,35099248,35099448,-0.21394113706338116
Fos_Sen_sgRNA443,chr4,120057098,120057298,-0.21598303749233064
Fos_Sen_sgRNA173,chr2,106072147,106072347,-0.21600530318415068
Fos_Sen_sgRNA321,chr5,172899317,172899517,-0.2179537688239002
Fos_Sen_sgRNA239,chr9,75093162,75093362,-0.2251438640032338
Fos_Sen_sgRNA537,chr2,108978929,108979129,-0.229184011988125
Fos_Sen_sgRNA763,chr3,131854963,131855163,-0.2300736305964593
Fos_Sen_sgRNA808,chr9,118435024,118435224,-0.23190531480910737
Fos_Sen_sgRNA255,chr3,45209027,45209227,-0.23456687555211536
Fos_Sen_sgRNA66,chr1,185343064,185343264,-0.23577613219164004
Fos_Sen_sgRNA558,chr16,69451584,69451784,-0.2359549269194326
Fos_Sen_sgRNA787,chr15,47955475,47955675,-0.23995692918634445
Fos_Sen_sgRNA364,chr9,72659625,72659825,-0.24721884647936593
Fos_Sen_sgRNA827,chr3,16109341,16109541,-0.24905759840454636
Fos_Sen_sgRNA815,chr4,13909136,13909336,-0.2555376941000179
Fos_Sen_sgRNA72,chr2,38006751,38006951,-0.25856389308733524
Fos_Sen_sgRNA80,chr8,29522704,29522904,-0.2588649922823175
Fos_Sen_sgRNA97,chr2,12904571,12904771,-0.2603596278778253
Fos_Sen_sgRNA455,chr11,10476521,10476721,-0.2617111910577327
Fos_Sen_sgRNA279,chr3,156846090,156846290,-0.26358262457525405
Fos_Sen_sgRNA221,chr11,72896871,72897071,-0.26901418360579166
Fos_Sen_sgRNA336,chr9,22216926,22217126,-0.27283344237260654
Fos_Sen_sgRNA473,chr15,72083680,72083880,-0.27744046643770354
Fos_Sen_sgRNA718,chr3,189810055,189810255,-0.2788661669553303
Fos_Sen_sgRNA693,chr3,54915578,54915778,-0.28236642653010646
Fos_Sen_sgRNA678,chr8,127839786,127839986,-0.2854002658634827
Fos_Sen_sgRNA833,chr9,119742141,119742341,-0.2881939593713143
Fos_Sen_sgRNA209,chr5,14809848,14810048,-0.28820505363530163
Fos_Sen_sgRNA30,chr8,8153666,8153866,-0.2910685256061981
Fos_Sen_sgRNA294,chr21,45613083,45613283,-0.2945943116253671
Fos_Sen_sgRNA23,chr20,38478494,38478694,-0.29713323319585794
Fos_Sen_sgRNA339,chr9,133322426,133322626,-0.29778971348206795
Fos_Sen_sgRNA115,chrX,8726089,8726289,-0.3012026253121874
Fos_Sen_sgRNA109,chr3,156201205,156201405,-0.3040614514752424
Fos_Sen_sgRNA508,chr11,44590788,44590988,-0.3092722729824661
Fos_Sen_sgRNA413,chr17,65375040,65375240,-0.31004929295520234
Fos_Sen_sgRNA688,chr10,93373480,93373680,-0.3183245843678524
Fos_Sen_sgRNA512,chr7,30839189,30839389,-0.31973322510237445
Fos_Sen_sgRNA349,chr7,130929142,130929342,-0.3197712189320126
Fos_Sen_sgRNA724,chr7,17572885,17573085,-0.32346642618402516
Fos_Sen_sgRNA360,chr5,95159640,95159840,-0.32468105391071655
Fos_Sen_sgRNA402,chr5,35129425,35129625,-0.3252579173017364
Fos_Sen_sgRNA638,chrX,9117183,9117383,-0.33010893394812374
Fos_Sen_sgRNA15,chr3,24276743,24276943,-0.33202861546131845
Fos_Sen_sgRNA723,chr7,17572817,17573017,-0.3325524930511333
Fos_Sen_sgRNA821,chr8,41054098,41054298,-0.33255474761041043
Fos_Sen_sgRNA569,chr3,55034698,55034898,-0.3436585090101377
Fos_Sen_sgRNA142,chr4,86666208,86666408,-0.34477472963334105
Fos_Sen_sgRNA429,chr9,130341339,130341539,-0.3485380238583596
Fos_Sen_sgRNA208,chr5,14809820,14810020,-0.34937307535214984
Fos_Sen_sgRNA287,chr6,148766618,148766818,-0.3504119375353788
Fos_Sen_sgRNA379,chr5,35136562,35136762,-0.3620889888843182
Fos_Sen_sgRNA626,chrX,109083862,109084062,-0.3720453300164026
Fos_Sen_sgRNA133,chr3,119864452,119864652,-0.37204616981794625
Fos_Sen_sgRNA609,chr13,24723007,24723207,-0.37219831732185243
Fos_Sen_sgRNA548,chr5,134577706,134577906,-0.3764710280523621
Fos_Sen_sgRNA361,chr5,95159643,95159843,-0.3824864444295579
Fos_Sen_sgRNA462,chr7,30790940,30791140,-0.38286972261756397
Fos_Sen_sgRNA432,chr4,120056904,120057104,-0.3831453916781607
Fos_Sen_sgRNA560,chr1,220992253,220992453,-0.39266386749005344
Fos_Sen_sgRNA226,chr11,15145476,15145676,-0.3943201418641867
Fos_Sen_sgRNA522,chr11,76411658,76411858,-0.40225784719567403
Fos_Sen_sgRNA829,chr1,58861118,58861318,-0.4045570650196539
Fos_Sen_sgRNA789,chrX,109984495,109984695,-0.40505628366635166
Fos_Sen_sgRNA484,chr8,103248947,103249147,-0.40704826104303177
Fos_Sen_sgRNA285,chr3,45207037,45207237,-0.4097524757603503
Fos_Sen_sgRNA394,chrX,19688996,19689196,-0.4107524815488993
Fos_Sen_sgRNA494,chr15,45748894,45749094,-0.4133934845098645
Fos_Sen_sgRNA599,chr14,69141992,69142192,-0.4143539275751455
Fos_Sen_sgRNA690,chr10,93373474,93373674,-0.41885484237452625
Fos_Sen_sgRNA651,chr3,55194605,55194805,-0.42362034367506324
Fos_Sen_sgRNA468,chr5,134581751,134581951,-0.4258971740244611
Fos_Sen_sgRNA306,chr1,56293150,56293350,-0.4286111157998187
Fos_Sen_sgRNA738,chr10,99302010,99302210,-0.4315723920670773
Fos_Sen_sgRNA290,chr12,96842206,96842406,-0.4331316817946785
Fos_Sen_sgRNA51,chr8,39898556,39898756,-0.43332332179095784
Fos_Sen_sgRNA330,chr14,69162085,69162285,-0.43675487244544886
Fos_Sen_sgRNA382,chr21,47473306,47473506,-0.4526419817988332
Fos_Sen_sgRNA436,chr14,23288789,23288989,-0.45284235944996015
Fos_Sen_sgRNA561,chr8,23619168,23619368,-0.4554705222936757
Fos_Sen_sgRNA299,chr7,129598596,129598796,-0.45762088841465676
Fos_Sen_sgRNA519,chr11,76411648,76411848,-0.4595890339935542
Fos_Sen_sgRNA576,chr4,75240399,75240599,-0.4597413034425202
Fos_Sen_sgRNA191,chr13,108536239,108536439,-0.4605359974432162
Fos_Sen_sgRNA641,chr12,58923114,58923314,-0.462425050348307
Fos_Sen_sgRNA268,chr16,64195346,64195546,-0.47182505274356645
Fos_Sen_sgRNA162,chr7,102516384,102516584,-0.47261211523635926
Fos_Sen_sgRNA740,chr10,99302934,99303134,-0.4748699398887934
Fos_Sen_sgRNA699,chr1,21651060,21651260,-0.4756077302296814
Fos_Sen_sgRNA212,chr10,82258607,82258807,-0.4793685295809134
Fos_Sen_sgRNA253,chr9,72735893,72736093,-0.4803247002261679
Fos_Sen_sgRNA798,chr5,148292736,148292936,-0.4821427071549817
Fos_Sen_sgRNA155,chr12,47899344,47899544,-0.482229426128272
Fos_Sen_sgRNA445,chr16,9162374,9162574,-0.48806409691489583
Fos_Sen_sgRNA594,chr5,134773874,134774074,-0.48809459480485784
Fos_Sen_sgRNA672,chr3,98681412,98681612,-0.48896620625229215
Fos_Sen_sgRNA747,chr13,30568322,30568522,-0.4918359496924999
Fos_Sen_sgRNA107,chr3,156201216,156201416,-0.49292483863689524
Fos_Sen_sgRNA236,chr10,105668136,105668336,-0.5007478358736019
Fos_Sen_sgRNA463,chr7,30790945,30791145,-0.5011094002207003
Fos_Sen_sgRNA671,chr3,98681485,98681685,-0.5017038666251803
Fos_Sen_sgRNA513,chr7,30839294,30839494,-0.5033870640838259
Fos_Sen_sgRNA661,chr7,17702236,17702436,-0.5057268592364508
Fos_Sen_sgRNA658,chr13,30484500,30484700,-0.5083562592145924
Fos_Sen_sgRNA230,chr5,134475653,134475853,-0.5103212592590464
Fos_Sen_sgRNA158,chr3,139021133,139021333,-0.5149700528260136
Fos_Sen_sgRNA79,chr8,29522708,29522908,-0.5222912589627869
Fos_Sen_sgRNA753,chr2,135183673,135183873,-0.5233198034899483
Fos_Sen_sgRNA240,chr18,33215303,33215503,-0.5298820453452703
Fos_Sen_sgRNA778,chr12,65889068,65889268,-0.530266353616806
Fos_Sen_sgRNA116,chrX,8726090,8726290,-0.5328010982344135
Fos_Sen_sgRNA123,chr20,52516256,52516456,-0.5344202323725133
Fos_Sen_sgRNA319,chr4,141181539,141181739,-0.5347786932591234
Fos_Sen_sgRNA711,chr1,99907324,99907524,-0.5391167388631847
Fos_Sen_sgRNA444,chr19,45505223,45505423,-0.5409539707970382
Fos_Sen_sgRNA828,chr1,58861114,58861314,-0.5431322037094131
Fos_Sen_sgRNA9,chr3,43908294,43908494,-0.5444231962248526
Fos_Sen_sgRNA48,chr2,47496999,47497199,-0.5455846719303425
Fos_Sen_sgRNA700,chr6,106512247,106512447,-0.5458373140095116
Fos_Sen_sgRNA652,chr12,115352167,115352367,-0.5463559221385155
Fos_Sen_sgRNA293,chr11,35165876,35166076,-0.5533572723374377
Fos_Sen_sgRNA547,chr5,150455309,150455509,-0.5541903540988229
Fos_Sen_sgRNA448,chr6,147236986,147237186,-0.5701257526862585
Fos_Sen_sgRNA524,chr1,8963568,8963768,-0.5752839057492636
Fos_Sen_sgRNA2,chr14,38878387,38878587,-0.5778374832343501
Fos_Sen_sgRNA449,chr16,9162373,9162573,-0.5794941374012142
Fos_Sen_sgRNA392,chr5,131723351,131723551,-0.579787805323442
Fos_Sen_sgRNA138,chr20,1396673,1396873,-0.5822623536616028
Fos_Sen_sgRNA110,chr3,156201206,156201406,-0.5826822547350022
Fos_Sen_sgRNA396,chr4,120056903,120057103,-0.5893363239170573
Fos_Sen_sgRNA416,chr14,23288788,23288988,-0.5944826128319929
Fos_Sen_sgRNA410,chr6,148593338,148593538,-0.6012752693784272
Fos_Sen_sgRNA735,chr4,141021311,141021511,-0.6074806457661003
Fos_Sen_sgRNA366,chr22,24830160,24830360,-0.6085614915598547
Fos_Sen_sgRNA541,chr2,108978936,108979136,-0.6105028668921418
Fos_Sen_sgRNA353,chr2,108939913,108940113,-0.6158371476946088
Fos_Sen_sgRNA592,chr15,68644800,68645000,-0.6178251735027629
Fos_Sen_sgRNA199,chr7,89451,89651,-0.6183681576685771
Fos_Sen_sgRNA648,chr3,54985546,54985746,-0.6183966690987285
Fos_Sen_sgRNA456,chr10,49863584,49863784,-0.6220539407329755
Fos_Sen_sgRNA67,chr1,185343068,185343268,-0.6221981658732876
Fos_Sen_sgRNA656,chr10,72416306,72416506,-0.6223554844530693
Fos_Sen_sgRNA257,chr4,178385406,178385606,-0.6239762928879911
Fos_Sen_sgRNA621,chr2,114576176,114576376,-0.6261921654385235
Fos_Sen_sgRNA505,chr11,8829144,8829344,-0.628369825095879
Fos_Sen_sgRNA499,chr1,159818820,159819020,-0.6286116516882276
Fos_Sen_sgRNA616,chr9,3863111,3863311,-0.6291658066382404
Fos_Sen_sgRNA365,chr1,33446816,33447016,-0.6299948044282553
Fos_Sen_sgRNA99,chr2,113637653,113637853,-0.6304146876446595
Fos_Sen_sgRNA750,chr13,30565569,30565769,-0.6304416271133018
Fos_Sen_sgRNA482,chr20,19865454,19865654,-0.6326755934395444
Fos_Sen_sgRNA403,chr4,120056902,120057102,-0.6541827107877377
Fos_Sen_sgRNA45,chr8,105760015,105760215,-0.6543434336408072
Fos_Sen_sgRNA165,chr12,125320623,125320823,-0.6554129398347763
Fos_Sen_sgRNA731,chr11,102138400,102138600,-0.6588302234296163
Fos_Sen_sgRNA601,chr1,111188819,111189019,-0.6592675737971598
Fos_Sen_sgRNA338,chr3,99596927,99597127,-0.6603208672025046
Fos_Sen_sgRNA267,chr16,64195285,64195485,-0.6607566230277433
Fos_Sen_sgRNA662,chr3,45164609,45164809,-0.6622461992784728
Fos_Sen_sgRNA500,chr1,159818825,159819025,-0.6638946792429673
Fos_Sen_sgRNA137,chr20,1396638,1396838,-0.6658109631662248
Fos_Sen_sgRNA790,chr7,34026976,34027176,-0.6669568117309232
Fos_Sen_sgRNA705,chr17,66374166,66374366,-0.6674361323208701
Fos_Sen_sgRNA85,chr3,119872335,119872535,-0.6685707072284068
Fos_Sen_sgRNA412,chr14,23288790,23288990,-0.6725543259662492
Fos_Sen_sgRNA460,chr19,42626012,42626212,-0.6763102228528017
Fos_Sen_sgRNA108,chr3,156201207,156201407,-0.6780439724788049
Fos_Sen_sgRNA231,chr5,134475652,134475852,-0.6836616338640714
Fos_Sen_sgRNA514,chr7,30839190,30839390,-0.6893059277596436
Fos_Sen_sgRNA90,chr6,44009370,44009570,-0.6961348912288684
Fos_Sen_sgRNA202,chrX,46629530,46629730,-0.6961515898215048
Fos_Sen_sgRNA381,chr21,47473318,47473518,-0.7012596283978978
Fos_Sen_sgRNA582,chr16,69433334,69433534,-0.702647986535233
Fos_Sen_sgRNA5,chr8,117242110,117242310,-0.7039139806521264
Fos_Sen_sgRNA605,chr3,10247380,10247580,-0.7115563550169689
Fos_Sen_sgRNA666,chr3,178236509,178236709,-0.7123940523733716
Fos_Sen_sgRNA397,chr17,65375053,65375253,-0.7162599807402492
Fos_Sen_sgRNA431,chr14,51795009,51795209,-0.7199110704028749
Fos_Sen_sgRNA687,chr10,93373486,93373686,-0.7202475919993349
Fos_Sen_sgRNA295,chr21,45613079,45613279,-0.7213267459995352
Fos_Sen_sgRNA427,chr20,49262157,49262357,-0.7218388784291795
Fos_Sen_sgRNA433,chr4,120056899,120057099,-0.7294958076141825
Fos_Sen_sgRNA354,chr2,108939911,108940111,-0.7332672049920832
Fos_Sen_sgRNA765,chr6,106040608,106040808,-0.7358923001583932
Fos_Sen_sgRNA197,chr8,104196908,104197108,-0.7384950608607479
Fos_Sen_sgRNA241,chr18,33215294,33215494,-0.7447596459748497
Fos_Sen_sgRNA324,chr18,71592369,71592569,-0.746722986305173
Fos_Sen_sgRNA384,chr9,93881590,93881790,-0.7484007328646817
Fos_Sen_sgRNA152,chr14,73082352,73082552,-0.7490076169777671
Fos_Sen_sgRNA474,chr15,72083674,72083874,-0.7554776580819785
Fos_Sen_sgRNA166,chr11,10397144,10397344,-0.7633450337071427
Fos_Sen_sgRNA530,chr1,183203722,183203922,-0.7634709555639568
Fos_Sen_sgRNA647,chr20,55614435,55614635,-0.7668085618992574
Fos_Sen_sgRNA814,chr10,93100738,93100938,-0.7694412676840434
Fos_Sen_sgRNA17,chr1,66902274,66902474,-0.7723257398534924
Fos_Sen_sgRNA385,chr5,131762332,131762532,-0.7791762020482327
Fos_Sen_sgRNA181,chr5,131430440,131430640,-0.7848586679827614
Fos_Sen_sgRNA795,chr7,41961055,41961255,-0.7913129163454612
Fos_Sen_sgRNA284,chr3,45207029,45207229,-0.7934624205043785
Fos_Sen_sgRNA304,chr5,134791971,134792171,-0.7953225578773259
Fos_Sen_sgRNA708,chr2,225012017,225012217,-0.8040229031152341
Fos_Sen_sgRNA441,chr1,30182261,30182461,-0.8076008798595197
Fos_Sen_sgRNA245,chr16,88276045,88276245,-0.8137828127441159
Fos_Sen_sgRNA604,chr3,10247395,10247595,-0.8160436124119391
Fos_Sen_sgRNA702,chr17,66374162,66374362,-0.8230889408133029
Fos_Sen_sgRNA235,chr10,105668145,105668345,-0.8261643015795425
Fos_Sen_sgRNA534,chr3,149088959,149089159,-0.8283000990007845
Fos_Sen_sgRNA715,chr2,238214881,238215081,-0.8283409499084671
Fos_Sen_sgRNA453,chr15,45740373,45740573,-0.830755010950571
Fos_Sen_sgRNA40,chr20,42472305,42472505,-0.8347293226649884
Fos_Sen_sgRNA631,chr12,115354102,115354302,-0.8373379352093607
Fos_Sen_sgRNA799,chr5,148292740,148292940,-0.8419512555107671
Fos_Sen_sgRNA467,chr5,134581767,134581967,-0.8519902338631139
Fos_Sen_sgRNA679,chr7,33894665,33894865,-0.8552163916657789
Fos_Sen_sgRNA477,chr2,65657607,65657807,-0.8604463316960351
Fos_Sen_sgRNA442,chr2,69058859,69059059,-0.8617869866717455
Fos_Sen_sgRNA232,chr10,105668126,105668326,-0.8633141293857147
Fos_Sen_sgRNA400,chr4,120057099,120057299,-0.8728456750557996
Fos_Sen_sgRNA775,chr9,15999762,15999962,-0.8763306586914915
Fos_Sen_sgRNA663,chr8,82139676,82139876,-0.8804724042304078
Fos_Sen_sgRNA307,chr1,56293149,56293349,-0.8830141029365082
Fos_Sen_sgRNA483,chr7,41738280,41738480,-0.8877028216822491
Fos_Sen_sgRNA606,chr3,10247398,10247598,-0.8904969711083826
Fos_Sen_sgRNA42,chr10,17071604,17071804,-0.8906859372341457
Fos_Sen_sgRNA676,chr17,66377179,66377379,-0.8933596833316639
Fos_Sen_sgRNA506,chr11,8829140,8829340,-0.895252626983006
Fos_Sen_sgRNA802,chr11,35099294,35099494,-0.8958680378276499
Fos_Sen_sgRNA698,chr1,21651053,21651253,-0.9032397634686423
Fos_Sen_sgRNA511,chr7,30839184,30839384,-0.9068142475700589
Fos_Sen_sgRNA733,chr11,102138393,102138593,-0.9070526637683185
Fos_Sen_sgRNA265,chr10,4726669,4726869,-0.9071585677648567
Fos_Sen_sgRNA132,chr3,119864451,119864651,-0.9099205528574963
Fos_Sen_sgRNA768,chr3,119889175,119889375,-0.915682357539881
Fos_Sen_sgRNA732,chr11,102138402,102138602,-0.917382409658232
Fos_Sen_sgRNA172,chr2,106071591,106071791,-0.9176498751810703
Fos_Sen_sgRNA485,chr8,103248941,103249141,-0.9229681203006592
Fos_Sen_sgRNA125,chr1,181081654,181081854,-0.9264499004299387
Fos_Sen_sgRNA751,chr13,30565570,30565770,-0.9286192330179367
Fos_Sen_sgRNA386,chr5,131762333,131762533,-0.9297371749728571
Fos_Sen_sgRNA466,chr5,134581760,134581960,-0.9305116943120869
Fos_Sen_sgRNA744,chr13,30568329,30568529,-0.93243587944335
Fos_Sen_sgRNA767,chr6,106040211,106040411,-0.9409956221390362
Fos_Sen_sgRNA227,chr11,15145477,15145677,-0.9444600032639284
Fos_Sen_sgRNA127,chr1,181081664,181081864,-0.9468391623296569
Fos_Sen_sgRNA408,chr14,23288795,23288995,-0.9469140444877067
Fos_Sen_sgRNA421,chrX,19689006,19689206,-0.9630282128448352
Fos_Sen_sgRNA346,chr14,51865798,51865998,-0.9717759117524323
Fos_Sen_sgRNA838,chr7,41550883,41551083,-0.9717862699959852
Fos_Sen_sgRNA615,chr9,3863112,3863312,-0.9774811414118632
Fos_Sen_sgRNA650,chr3,55194598,55194798,-0.9786139174125731
Fos_Sen_sgRNA528,chr11,15129358,15129558,-0.9875671998018039
Fos_Sen_sgRNA721,chr2,238213487,238213687,-0.99673529636567
Fos_Sen_sgRNA539,chr2,108978946,108979146,-0.9970433539851252
Fos_Sen_sgRNA270,chr9,75142382,75142582,-0.9986499055466203
Fos_Sen_sgRNA543,chr15,52369253,52369453,-1.0003789033583825
Fos_Sen_sgRNA352,chr2,108939912,108940112,-1.0014371118081735
Fos_Sen_sgRNA611,chr3,54988095,54988295,-1.0055789987277257
Fos_Sen_sgRNA562,chr8,23619174,23619374,-1.01217464290465
Fos_Sen_sgRNA36,chr20,42472306,42472506,-1.0175269503741307
Fos_Sen_sgRNA134,chr3,119864450,119864650,-1.0181185413752196
Fos_Sen_sgRNA144,chr21,39551704,39551904,-1.0194251337556295
Fos_Sen_sgRNA289,chr12,96842212,96842412,-1.0267687461423487
Fos_Sen_sgRNA25,chr3,40869856,40870056,-1.031154843441107
Fos_Sen_sgRNA557,chr20,19797838,19798038,-1.0344819390148594
Fos_Sen_sgRNA111,chr16,86409076,86409276,-1.0402024389710505
Fos_Sen_sgRNA532,chr4,54948370,54948570,-1.0502587991511783
Fos_Sen_sgRNA373,chr1,92496496,92496696,-1.050276804072137
Fos_Sen_sgRNA121,chr20,52516270,52516470,-1.056521041480521
Fos_Sen_sgRNA281,chr2,161062201,161062401,-1.0701340225567668
Fos_Sen_sgRNA256,chr4,178385407,178385607,-1.0719223300988845
Fos_Sen_sgRNA786,chr2,135166093,135166293,-1.0805411328100667
Fos_Sen_sgRNA219,chr11,72896872,72897072,-1.081160666441591
Fos_Sen_sgRNA709,chr2,225012016,225012216,-1.0919878770731584
Fos_Sen_sgRNA359,chr5,95159641,95159841,-1.1072915283655262
Fos_Sen_sgRNA315,chr21,41005075,41005275,-1.1281241013013232
Fos_Sen_sgRNA345,chr14,51865799,51865999,-1.132398850439995
Fos_Sen_sgRNA187,chr8,130710597,130710797,-1.1389208195507965
Fos_Sen_sgRNA476,chr2,65657612,65657812,-1.1468178966223121
Fos_Sen_sgRNA337,chr3,99596926,99597126,-1.1481141734028457
Fos_Sen_sgRNA729,chr3,16188784,16188984,-1.1600617333872367
Fos_Sen_sgRNA320,chr5,172899332,172899532,-1.1675242190410635
Fos_Sen_sgRNA164,chr1,168439011,168439211,-1.1678455075207543
Fos_Sen_sgRNA135,chr9,22237991,22238191,-1.1726256683954006
Fos_Sen_sgRNA823,chr12,19152769,19152969,-1.1941793785344383
Fos_Sen_sgRNA180,chr5,131430447,131430647,-1.1986361960779528
Fos_Sen_sgRNA741,chr10,99302017,99302217,-1.199739893697955
Fos_Sen_sgRNA665,chr7,157111364,157111564,-1.2022571498083707
Fos_Sen_sgRNA405,chr21,47401356,47401556,-1.217812453255403
Fos_Sen_sgRNA176,chr9,16058156,16058356,-1.219422647836992
Fos_Sen_sgRNA704,chr17,66374160,66374360,-1.2236191775555518
Fos_Sen_sgRNA691,chr8,29464651,29464851,-1.227025631307449
Fos_Sen_sgRNA545,chr5,150455299,150455499,-1.230450216644837
Fos_Sen_sgRNA667,chr3,178236503,178236703,-1.2392579521948983
Fos_Sen_sgRNA387,chr5,131762327,131762527,-1.2461811930633022
Fos_Sen_sgRNA333,chr2,113382045,113382245,-1.2538301839164943
Fos_Sen_sgRNA126,chr1,181081652,181081852,-1.2591857267782665
Fos_Sen_sgRNA262,chr21,47499355,47499555,-1.2597677286987279
Fos_Sen_sgRNA655,chr10,72416313,72416513,-1.2601748886026842
Fos_Sen_sgRNA479,chr11,10419194,10419394,-1.2656115866796085
Fos_Sen_sgRNA642,chr20,4026310,4026510,-1.265845034974527
Fos_Sen_sgRNA177,chr9,16058147,16058347,-1.2726925792414199
Fos_Sen_sgRNA564,chr8,23618868,23619068,-1.2761420822024807
Fos_Sen_sgRNA822,chr2,13068430,13068630,-1.282573936906852
Fos_Sen_sgRNA496,chrX,43829546,43829746,-1.2842139327490483
Fos_Sen_sgRNA204,chrX,46630289,46630489,-1.3040357602919213
Fos_Sen_sgRNA529,chr1,183203729,183203929,-1.3219259323265113
Fos_Sen_sgRNA233,chr10,105668137,105668337,-1.321960010844084
Fos_Sen_sgRNA783,chr2,72162755,72162955,-1.3297287157454758
Fos_Sen_sgRNA332,chr2,113382044,113382244,-1.3362223720573836
Fos_Sen_sgRNA542,chrX,3445230,3445430,-1.3452471696700203
Fos_Sen_sgRNA303,chr5,134791969,134792169,-1.3597769247764058
Fos_Sen_sgRNA214,chr6,136915394,136915594,-1.3606062336339404
Fos_Sen_sgRNA457,chr5,90607662,90607862,-1.3690175001491847
Fos_Sen_sgRNA645,chr10,75654403,75654603,-1.3918055519018993
Fos_Sen_sgRNA128,chr1,181081653,181081853,-1.3952466904254572
Fos_Sen_sgRNA720,chr2,238213492,238213692,-1.4029138236010532
Fos_Sen_sgRNA593,chr5,134773293,134773493,-1.4160138697959122
Fos_Sen_sgRNA632,chr12,115354037,115354237,-1.4325378496601722
Fos_Sen_sgRNA246,chr2,161064671,161064871,-1.4489481460503504
Fos_Sen_sgRNA316,chr21,41005831,41006031,-1.4514131860443393
Fos_Sen_sgRNA730,chr3,16188783,16188983,-1.4852537877964624
Fos_Sen_sgRNA713,chr3,55361238,55361438,-1.4936922549468692
Fos_Sen_sgRNA614,chr3,111564971,111565171,-1.494779661097453
Fos_Sen_sgRNA430,chr10,104155647,104155847,-1.495295732784455
Fos_Sen_sgRNA140,chr20,1396674,1396874,-1.4994407294620968
Fos_Sen_sgRNA24,chr6,38238224,38238424,-1.500744703275494
Fos_Sen_sgRNA707,chr2,225012015,225012215,-1.508755895338478
Fos_Sen_sgRNA150,chr12,47898970,47899170,-1.5156154555764696
Fos_Sen_sgRNA598,chr9,21685112,21685312,-1.5265785629019097
Fos_Sen_sgRNA834,chr9,119740409,119740609,-1.5322625750369174
Fos_Sen_sgRNA756,chr13,66504081,66504281,-1.542574208640019
Fos_Sen_sgRNA278,chr3,156846184,156846384,-1.5460039129851089
Fos_Sen_sgRNA148,chr10,112086564,112086764,-1.5602558633413182
Fos_Sen_sgRNA291,chr8,29449544,29449744,-1.5890251959704291
Fos_Sen_sgRNA520,chr11,76411657,76411857,-1.5900560139716247
Fos_Sen_sgRNA549,chr10,82269504,82269704,-1.5900963199981821
Fos_Sen_sgRNA26,chr2,238092973,238093173,-1.6228061375811835
Fos_Sen_sgRNA375,chr1,92496495,92496695,-1.6309050894010848
Fos_Sen_sgRNA646,chr20,55614454,55614654,-1.6776864844260295
Fos_Sen_sgRNA686,chr10,93373484,93373684,-1.7240075769460534
Fos_Sen_sgRNA184,chr6,137554947,137555147,-1.7466384331139815
Fos_Sen_sgRNA367,chr22,24830168,24830368,-1.7558718633655863
Fos_Sen_sgRNA459,chr19,42626016,42626216,-1.7690805312648143
Fos_Sen_sgRNA516,chr7,30839299,30839499,-1.7882429248777707
Fos_Sen_sgRNA446,chr9,116413177,116413377,-1.811503952953434
Fos_Sen_sgRNA552,chr11,15127785,15127985,-1.8519507674150129
Fos_Sen_sgRNA491,chr14,71371652,71371852,-1.9007073051685384
Fos_Sen_sgRNA163,chr1,168439012,168439212,-1.9609057840230695
Fos_Sen_sgRNA779,chr8,39917166,39917366,-1.9941979819882485
Fos_Sen_sgRNA781,chr9,93822764,93822964,-2.0038550142347127
Fos_Sen_sgRNA486,chr13,29290885,29291085,-2.0228360954052973
Fos_Sen_sgRNA714,chr3,55361231,55361431,-2.029382624136833
Fos_Sen_sgRNA538,chr2,108978937,108979137,-2.153181694899894
Fos_Sen_sgRNA395,chr10,104155646,104155846,-3.6451791418988386
